{
    "packages": [
        {
            "name": "guzzlehttp/psr7",
            "version": "1.8.2",
            "version_normalized": "1.8.2.0",
            "source": {
                "type": "git",
                "url": "https://github.com/guzzle/psr7.git",
                "reference": "dc960a912984efb74d0a90222870c72c87f10c91"
            },
            "dist": {
                "type": "zip",
                "url": "https://api.github.com/repos/guzzle/psr7/zipball/dc960a912984efb74d0a90222870c72c87f10c91",
                "reference": "dc960a912984efb74d0a90222870c72c87f10c91",
                "shasum": ""
            },
            "require": {
                "php": ">=5.4.0",
                "psr/http-message": "~1.0",
                "ralouphie/getallheaders": "^2.0.5 || ^3.0.0"
            },
            "provide": {
                "psr/http-message-implementation": "1.0"
            },
            "require-dev": {
                "ext-zlib": "*",
                "phpunit/phpunit": "~4.8.36 || ^5.7.27 || ^6.5.14 || ^7.5.20 || ^8.5.8 || ^9.3.10"
            },
            "suggest": {
                "laminas/laminas-httphandlerrunner": "Emit PSR-7 responses"
            },
            "time": "2021-04-26T09:17:50+00:00",
            "type": "library",
            "extra": {
                "branch-alias": {
                    "dev-master": "1.7-dev"
                }
            },
            "installation-source": "dist",
            "autoload": {
                "psr-4": {
                    "GuzzleHttp\\Psr7\\": "src/"
                },
                "files": [
                    "src/functions_include.php"
                ]
            },
            "notification-url": "https://packagist.org/downloads/",
            "license": [
                "MIT"
            ],
            "authors": [
                {
                    "name": "Michael Dowling",
                    "email": "mtdowling@gmail.com",
                    "homepage": "https://github.com/mtdowling"
                },
                {
                    "name": "Tobias Schultze",
                    "homepage": "https://github.com/Tobion"
                }
            ],
            "description": "PSR-7 message implementation that also provides common utility methods",
            "keywords": [
                "http",
                "message",
                "psr-7",
                "request",
                "response",
                "stream",
                "uri",
                "url"
            ],
            "support": {
                "issues": "https://github.com/guzzle/psr7/issues",
                "source": "https://github.com/guzzle/psr7/tree/1.8.2"
            },
            "install-path": "../guzzlehttp/psr7"
        },
        {
            "name": "intervention/image",
            "version": "2.5.1",
            "version_normalized": "2.5.1.0",
            "source": {
                "type": "git",
                "url": "https://github.com/Intervention/image.git",
                "reference": "abbf18d5ab8367f96b3205ca3c89fb2fa598c69e"
            },
            "dist": {
                "type": "zip",
                "url": "https://api.github.com/repos/Intervention/image/zipball/abbf18d5ab8367f96b3205ca3c89fb2fa598c69e",
                "reference": "abbf18d5ab8367f96b3205ca3c89fb2fa598c69e",
                "shasum": ""
            },
            "require": {
                "ext-fileinfo": "*",
                "guzzlehttp/psr7": "~1.1",
                "php": ">=5.4.0"
            },
            "require-dev": {
                "mockery/mockery": "~0.9.2",
                "phpunit/phpunit": "^4.8 || ^5.7"
            },
            "suggest": {
                "ext-gd": "to use GD library based image processing.",
                "ext-imagick": "to use Imagick based image processing.",
                "intervention/imagecache": "Caching extension for the Intervention Image library"
            },
            "time": "2019-11-02T09:15:47+00:00",
            "type": "library",
            "extra": {
                "branch-alias": {
                    "dev-master": "2.4-dev"
                },
                "laravel": {
                    "providers": [
                        "Intervention\\Image\\ImageServiceProvider"
                    ],
                    "aliases": {
                        "Image": "Intervention\\Image\\Facades\\Image"
                    }
                }
            },
            "installation-source": "dist",
            "autoload": {
                "psr-4": {
                    "Intervention\\Image\\": "src/Intervention/Image"
                }
            },
            "notification-url": "https://packagist.org/downloads/",
            "license": [
                "MIT"
            ],
            "authors": [
                {
                    "name": "Oliver Vogel",
                    "email": "oliver@olivervogel.com",
                    "homepage": "http://olivervogel.com/"
                }
            ],
            "description": "Image handling and manipulation library with support for Laravel integration",
            "homepage": "http://image.intervention.io/",
            "keywords": [
                "gd",
                "image",
                "imagick",
                "laravel",
                "thumbnail",
                "watermark"
            ],
            "support": {
                "issues": "https://github.com/Intervention/image/issues",
                "source": "https://github.com/Intervention/image/tree/master"
            },
            "install-path": "../intervention/image"
        },
        {
            "name": "psr/http-message",
            "version": "1.0.1",
            "version_normalized": "1.0.1.0",
            "source": {
                "type": "git",
                "url": "https://github.com/php-fig/http-message.git",
                "reference": "f6561bf28d520154e4b0ec72be95418abe6d9363"
            },
            "dist": {
                "type": "zip",
                "url": "https://api.github.com/repos/php-fig/http-message/zipball/f6561bf28d520154e4b0ec72be95418abe6d9363",
                "reference": "f6561bf28d520154e4b0ec72be95418abe6d9363",
                "shasum": ""
            },
            "require": {
                "php": ">=5.3.0"
            },
            "time": "2016-08-06T14:39:51+00:00",
            "type": "library",
            "extra": {
                "branch-alias": {
                    "dev-master": "1.0.x-dev"
                }
            },
            "installation-source": "dist",
            "autoload": {
                "psr-4": {
                    "Psr\\Http\\Message\\": "src/"
                }
            },
            "notification-url": "https://packagist.org/downloads/",
            "license": [
                "MIT"
            ],
            "authors": [
                {
                    "name": "PHP-FIG",
                    "homepage": "http://www.php-fig.org/"
                }
            ],
            "description": "Common interface for HTTP messages",
            "homepage": "https://github.com/php-fig/http-message",
            "keywords": [
                "http",
                "http-message",
                "psr",
                "psr-7",
                "request",
                "response"
            ],
            "support": {
                "source": "https://github.com/php-fig/http-message/tree/master"
            },
            "install-path": "../psr/http-message"
        },
        {
            "name": "ralouphie/getallheaders",
            "version": "3.0.3",
            "version_normalized": "3.0.3.0",
            "source": {
                "type": "git",
                "url": "https://github.com/ralouphie/getallheaders.git",
                "reference": "120b605dfeb996808c31b6477290a714d356e822"
            },
            "dist": {
                "type": "zip",
                "url": "https://api.github.com/repos/ralouphie/getallheaders/zipball/120b605dfeb996808c31b6477290a714d356e822",
                "reference": "120b605dfeb996808c31b6477290a714d356e822",
                "shasum": ""
            },
            "require": {
                "php": ">=5.6"
            },
            "require-dev": {
                "php-coveralls/php-coveralls": "^2.1",
                "phpunit/phpunit": "^5 || ^6.5"
            },
            "time": "2019-03-08T08:55:37+00:00",
            "type": "library",
            "installation-source": "dist",
            "autoload": {
                "files": [
                    "src/getallheaders.php"
                ]
            },
            "notification-url": "https://packagist.org/downloads/",
            "license": [
                "MIT"
            ],
            "authors": [
                {
                    "name": "Ralph Khattar",
                    "email": "ralph.khattar@gmail.com"
                }
            ],
            "description": "A polyfill for getallheaders.",
            "support": {
                "issues": "https://github.com/ralouphie/getallheaders/issues",
                "source": "https://github.com/ralouphie/getallheaders/tree/develop"
            },
            "install-path": "../ralouphie/getallheaders"
        }
    ],
    "dev": true
}
